id,first_name,last_name,email
1,Barnabas,Addeycott,baddeycott0@reference.com
2,Martie,Sarre,msarre1@dmoz.org
3,Evelina,Ruse,eruse2@cpanel.net
4,Lynde,Bayford,lbayford3@lycos.com
5,Caryl,Claridge,cclaridge4@wunderground.com
6,Ewell,Mussilli,emussilli5@barnesandnoble.com
7,Hollyanne,Buffin,hbuffin6@dailymotion.com
8,Langston,Woolstenholmes,lwoolstenholmes7@ftc.gov
9,Marena,Pudding,mpudding8@nbcnews.com
10,Miguelita,Benoit,mbenoit9@nytimes.com
11,Lizbeth,Harmon,lharmona@wix.com
12,Urban,Winsley,uwinsleyb@privacy.gov.au
13,Dell,Nissle,dnisslec@php.net
14,Jackson,Olyet,jolyetd@dion.ne.jp
15,Jens,Napoleone,jnapoleonee@chicagotribune.com
16,Fannie,Troppmann,ftroppmannf@slate.com
17,Rhys,Teek,rteekg@si.edu
18,Domenic,Wateridge,dwateridgeh@feedburner.com
19,Karilynn,Clother,kclotheri@berkeley.edu
20,Shepherd,Reek,sreekj@lulu.com
