id,first_name,last_name,email
1,Elladine,Dobble,edobble0@springer.com
2,Devinne,Garrand,dgarrand1@quantcast.com
3,Simmonds,Patek,spatek2@fc2.com
4,Matty,Mazzilli,mmazzilli3@phoca.cz
5,Huntington,McComas,hmccomas4@trellian.com
6,Bevon,Gokes,bgokes5@ox.ac.uk
7,Cristal,Pinnocke,cpinnocke6@list-manage.com
8,Ursa,Cody,ucody7@examiner.com
9,Gran,Hacaud,ghacaud8@howstuffworks.com
10,Cherianne,Danieli,cdanieli9@bluehost.com
11,Rhona,Guslon,rguslona@deviantart.com
12,Sigismund,Myott,smyottb@lulu.com
13,Zachery,Klein,zkleinc@uiuc.edu
14,Jordan,De Blasi,jdeblasid@mit.edu
15,Marrissa,Motte,mmottee@chicagotribune.com
16,Matty,Waddy,mwaddyf@webeden.co.uk
17,Gwynne,Diffley,gdiffleyg@wix.com
18,Ruggiero,Cooney,rcooneyh@hostgator.com
19,Maurizio,McKeag,mmckeagi@qq.com
20,Lutero,Scanlan,lscanlanj@hatena.ne.jp
21,Jason,Gedney,jgedneyk@latimes.com
22,Edan,Bulmer,ebulmerl@addtoany.com
23,Donna,Bollin,dbollinm@trellian.com
24,Suki,Roseburgh,sroseburghn@scribd.com
25,Lawrence,Eates,leateso@sciencedirect.com
26,Lucia,Ivimy,livimyp@imdb.com
27,Amory,Chaman,achamanq@delicious.com
28,Lyndsey,Viall,lviallr@craigslist.org
29,Jesselyn,Arnson,jarnsons@ihg.com
30,Rutledge,Balmforth,rbalmfortht@alibaba.com
