id,first_name,last_name,email
1,Sam,Mulbery,smulbery0@delicious.com
2,Eilis,Jordanson,ejordanson1@github.io
3,Alaster,Taunton,ataunton2@topsy.com
4,Talya,Mc Andrew,tmcandrew3@imageshack.us
5,Hedvige,Gostridge,hgostridge4@amazon.com
6,Cary,Heenan,cheenan5@elpais.com
7,Nan,Cornuau,ncornuau6@yahoo.co.jp
8,Meridith,Habbergham,mhabbergham7@msu.edu
9,Vickie,Albers,valbers8@mozilla.com
10,Darelle,Blaymires,dblaymires9@altervista.org
11,Clevey,Merton,cmertona@deliciousdays.com
12,Fonzie,Pace,fpaceb@myspace.com
13,Kristofer,Locarno,klocarnoc@bravesites.com
14,Venita,Loughman,vloughmand@newyorker.com
15,Bronson,Fairlam,bfairlame@photobucket.com
16,Jeramie,Bithell,jbithellf@oakley.com
17,Tomasina,Klasen,tklaseng@cocolog-nifty.com
18,Skipper,Kerfod,skerfodh@example.com
19,Roanne,Charlin,rcharlini@deliciousdays.com
20,Tynan,Martensen,tmartensenj@blog.com
21,Kiley,Bruford,kbrufordk@skype.com
22,Gasparo,Andriulis,gandriulisl@stanford.edu
23,Raven,Plampeyn,rplampeynm@t.co
24,Guillermo,Henriques,ghenriquesn@php.net
25,Pennie,Kubicek,pkubiceko@scientificamerican.com
26,Faun,Bramall,fbramallp@ning.com
27,Pennie,Harler,pharlerq@narod.ru
28,Yelena,Riseley,yriseleyr@omniture.com
29,Phedra,Mabee,pmabees@mayoclinic.com
30,Corabel,Stitson,cstitsont@pcworld.com
